<beans xmlns="http://www.springframework.org/schema/beans"
	
    xmlns:xsi="http://www.w3.org/2001/XMLSchema-instance"
    xmlns:aop="http://www.springframework.org/schema/aop"
    xmlns:context="http://www.springframework.org/schema/context"
    xmlns:mvc="http://www.springframework.org/schema/mvc"
    xsi:schemaLocation="http://www.springframework.org/schema/beans
    http://www.springframework.org/schema/beans/spring-beans-3.0.xsd
    http://www.springframework.org/schema/mvc
    http://www.springframework.org/schema/mvc/spring-mvc-3.0.xsd       
    http://www.springframework.org/schema/context
    http://www.springframework.org/schema/context/spring-context-3.0.xsd
    http://www.springframework.org/schema/beans
    http://www.springframework.org/schema/beans/spring-beans-3.0.xsd
    http://www.springframework.org/schema/aop
    http://www.springframework.org/schema/aop/spring-aop-3.0.xsd">

    
    

   <context:component-scan base-package="com.gcu" />
   <mvc:annotation-driven />
 
  	<bean id="viewResolver" class="org.springframework.web.servlet.view.tiles3.TilesViewResolver"/>
 	<bean id="tilesConfigurer" class="org.springframework.web.servlet.view.tiles3.TilesConfigurer">
		<property name="definitions">
			<list>
				<value>/WEB-INF/layouts/layouts.xml</value>
				<value>/WEB-INF/layouts/views.xml</value>
			</list>
		</property>
	</bean>
	
	<!--<bean id="userController" class="com.gcu.controller.UserController">
		<property name="ordersService" ref="ordersService"/>
	</bean>  -->
	
	<context:annotation-config/>
	
	<mvc:resources mapping="/resources/**" location="/WEB-INF/resources/"
	cache-period="31556926"/>
	<mvc:annotation-driven />
	
	
 </beans>